0.3755696614583333,[0.559814453125],[0.3408203125],[0.22607421875],[1.6361451745033264]
0.4121907552083333,[0.66455078125],[0.33349609375],[0.238525390625],[1.237428242340684]
0.409423828125,[0.646484375],[0.34619140625],[0.235595703125],[1.253985246643424]
0.4383138020833333,[0.68896484375],[0.371337890625],[0.254638671875],[1.1635947632603347]
0.431640625,[0.679931640625],[0.3515625],[0.263427734375],[1.1703342776745558]
0.4521484375,[0.722412109375],[0.3759765625],[0.258056640625],[1.0361347924917936]
0.4449869791666667,[0.701171875],[0.382568359375],[0.251220703125],[1.1199761983007193]
0.4549153645833333,[0.71337890625],[0.393310546875],[0.258056640625],[1.0651136124506593]
0.4230617869913648,[0.7001180638951704],[0.350649351141951],[0.21841794593697314],[1.1066589382913627]
0.448486328125,[0.71875],[0.36181640625],[0.264892578125],[1.0254723452962935]
0.465576171875,[0.76025390625],[0.353759765625],[0.28271484375],[0.9014219637028873]
0.4498697916666667,[0.731201171875],[0.354736328125],[0.263671875],[0.9682450140826404]
0.4684244791666667,[0.75732421875],[0.37646484375],[0.271484375],[0.9337828867137432]
0.4578450520833333,[0.752685546875],[0.35546875],[0.265380859375],[0.9569812007248402]
0.4791666666666667,[0.7685546875],[0.382080078125],[0.286865234375],[0.8830013212282211]
0.4710286458333333,[0.760009765625],[0.385009765625],[0.26806640625],[0.9361459109932184]
0.4833170572916667,[0.771240234375],[0.3994140625],[0.279296875],[0.9083881622646004]
0.45336481727093797,[0.7485242032104006],[0.3589138138814969],[0.2526564347209165],[0.9363563011500461]
0.4684244791666667,[0.756591796875],[0.36083984375],[0.287841796875],[0.908175177173689]
0.4803873697916667,[0.798095703125],[0.357177734375],[0.285888671875],[0.7871108874678612]
0.4715983072916667,[0.780029296875],[0.359619140625],[0.275146484375],[0.8365953518077731]
0.4815266927083333,[0.781005859375],[0.378662109375],[0.284912109375],[0.8396300710737705]
0.476318359375,[0.779296875],[0.359619140625],[0.2900390625],[0.8539893794804811]
0.4930013020833333,[0.798095703125],[0.384033203125],[0.296875],[0.8036303885746747]
0.4854329427083333,[0.794921875],[0.38427734375],[0.277099609375],[0.8260650429874659]
0.495849609375,[0.79736328125],[0.400390625],[0.289794921875],[0.8170797703787684]
0.46753246764975337,[0.774498229254798],[0.368358913848645],[0.25974025984581695],[0.8798346383653256]
0.4794921875,[0.7822265625],[0.365234375],[0.291015625],[0.8358427642378956]
0.4906412760416667,[0.8173828125],[0.3564453125],[0.298095703125],[0.7252868027426302]
0.48583984375,[0.797119140625],[0.364013671875],[0.29638671875],[0.7747520906850696]
0.4966634114583333,[0.81201171875],[0.3798828125],[0.298095703125],[0.7544299110304564]
0.4813639322916667,[0.801513671875],[0.360107421875],[0.282470703125],[0.7762779495678842]
0.50244140625,[0.81787109375],[0.382568359375],[0.306884765625],[0.7393424992915243]
0.4942220052083333,[0.816650390625],[0.38330078125],[0.28271484375],[0.7621958458330482]
0.5069986979166666,[0.8154296875],[0.40478515625],[0.30078125],[0.7323422257322818]
0.47028728870367825,[0.7827626921350869],[0.36835891398938797],[0.2597402599865599],[0.7865144578737802]
0.489013671875,[0.80126953125],[0.368408203125],[0.29736328125],[0.7637508912011981]
0.5008138020833334,[0.8330078125],[0.356689453125],[0.312744140625],[0.6698376017156988]
0.48974609375,[0.81591796875],[0.36328125],[0.2900390625],[0.7239048194605857]
0.5054524739583334,[0.826904296875],[0.379150390625],[0.310302734375],[0.7034948654472828]
0.4903157552083333,[0.808349609375],[0.364501953125],[0.298095703125],[0.7441937034018338]
0.5091145833333334,[0.832763671875],[0.385009765625],[0.3095703125],[0.6841206464450806]
0.503662109375,[0.830078125],[0.38818359375],[0.292724609375],[0.6990363535005599]
0.5157877604166666,[0.836181640625],[0.404541015625],[0.306640625],[0.6949570830911398]
0.48366784742736096,[0.8051948054059196],[0.3719008265518382],[0.27390791032432527],[0.6917966720345733]
0.493896484375,[0.81640625],[0.365234375],[0.300048828125],[0.716196886729449]
0.5076497395833334,[0.839599609375],[0.35986328125],[0.323486328125],[0.6510503580793738]
0.5029296875,[0.83154296875],[0.365478515625],[0.311767578125],[0.670137376524508]
0.5099283854166666,[0.83154296875],[0.38134765625],[0.31689453125],[0.6671968784648925]
0.5018717447916666,[0.83056640625],[0.361328125],[0.313720703125],[0.6910564170684665]
0.5143229166666666,[0.84619140625],[0.384765625],[0.31201171875],[0.6437102602794766]
0.5105794270833334,[0.843017578125],[0.385498046875],[0.30322265625],[0.6493800573516637]
0.5243326822916666,[0.840576171875],[0.402587890625],[0.329833984375],[0.6446323157288134]
0.4872097601657399,[0.8358913814866697],[0.3541912637747727],[0.27154663523577743],[0.691731642593037]
0.5033365885416666,[0.83203125],[0.36669921875],[0.311279296875],[0.6755321614909917]
0.514892578125,[0.857421875],[0.357177734375],[0.330078125],[0.5890120947733521]
0.50390625,[0.8359375],[0.36572265625],[0.31005859375],[0.6324642568361014]
0.5198567708333334,[0.84521484375],[0.3828125],[0.33154296875],[0.623000674881041]
0.5027669270833334,[0.8388671875],[0.364013671875],[0.305419921875],[0.6584269474260509]
0.5159505208333334,[0.84716796875],[0.385986328125],[0.314697265625],[0.6304896923247725]
0.5167643229166666,[0.848876953125],[0.39111328125],[0.310302734375],[0.63738207006827]
0.51904296875,[0.842041015625],[0.404052734375],[0.31103515625],[0.6563161382218823]
0.4974419520343209,[0.8299881936949287],[0.3671782763043711],[0.2951593861036627],[0.6488814978841626]
0.5069986979166666,[0.84619140625],[0.36669921875],[0.30810546875],[0.6316655594855547]
0.52001953125,[0.8642578125],[0.35693359375],[0.3388671875],[0.5783527039457113]
0.5128580729166666,[0.841796875],[0.36474609375],[0.33203125],[0.6147446078248322]
0.51806640625,[0.847900390625],[0.384521484375],[0.32177734375],[0.6202501603402197]
0.5086263020833334,[0.844482421875],[0.366943359375],[0.314453125],[0.6202813470736146]
0.5243326822916666,[0.85791015625],[0.38720703125],[0.327880859375],[0.6007487897295505]
0.5218912760416666,[0.862548828125],[0.38916015625],[0.31396484375],[0.5976568723563105]
0.52880859375,[0.857177734375],[0.403564453125],[0.32568359375],[0.6092352077830583]
0.5041322316336659,[0.8429752067523132],[0.36599763914714034],[0.3034238490015444],[0.6445963473500158]
0.5086263020833334,[0.839111328125],[0.367431640625],[0.3193359375],[0.6387183829210699]
0.5233561197916666,[0.876220703125],[0.35888671875],[0.3349609375],[0.5500617381185293]
0.5188802083333334,[0.85791015625],[0.364013671875],[0.334716796875],[0.5820656002033502]
0.5244954427083334,[0.8642578125],[0.383544921875],[0.32568359375],[0.5871142824180424]
0.5148111979166666,[0.860595703125],[0.3662109375],[0.317626953125],[0.5750279896892607]
0.529052734375,[0.870849609375],[0.385986328125],[0.330322265625],[0.5746883698739111]
0.5215657552083334,[0.857666015625],[0.388916015625],[0.318115234375],[0.5877206868026406]
0.5281575520833334,[0.855712890625],[0.40234375],[0.326416015625],[0.6076490189880133]
0.4982290438008749,[0.8299881937653002],[0.36599763883046865],[0.2987012988068559],[0.6210098230712107]
0.5155436197916666,[0.84814453125],[0.36962890625],[0.328857421875],[0.6086579796392471]
0.525634765625,[0.876220703125],[0.35986328125],[0.3408203125],[0.5296900935936719]
0.5160319010416666,[0.86083984375],[0.3662109375],[0.321044921875],[0.5917067036498338]
0.52490234375,[0.864501953125],[0.382568359375],[0.32763671875],[0.5736404799390584]
0.512451171875,[0.859375],[0.36572265625],[0.312255859375],[0.5736454750876874]
0.5293782552083334,[0.87109375],[0.38818359375],[0.328857421875],[0.5647269068285823]
0.525634765625,[0.864013671875],[0.391845703125],[0.321044921875],[0.5652186146471649]
0.531982421875,[0.85888671875],[0.40673828125],[0.330322265625],[0.5872399171348661]
0.505706414920474,[0.852420307036133],[0.3707201889547857],[0.29397874877050323],[0.5946410923949943]
0.5196940104166666,[0.863525390625],[0.37060546875],[0.324951171875],[0.5772507556248456]
0.5252278645833334,[0.877197265625],[0.356689453125],[0.341796875],[0.5355401777196676]
0.52685546875,[0.871826171875],[0.36865234375],[0.340087890625],[0.5467711065430194]
0.5328776041666666,[0.86865234375],[0.383056640625],[0.346923828125],[0.5620004124939442]
0.5185546875,[0.86767578125],[0.369140625],[0.31884765625],[0.5629101751837879]
0.53271484375,[0.875244140625],[0.38818359375],[0.334716796875],[0.5475806365720928]
0.5301106770833334,[0.881103515625],[0.391845703125],[0.3173828125],[0.5453641111962497]
0.535400390625,[0.869140625],[0.40576171875],[0.331298828125],[0.5646541996393353]
0.5127902401626603,[0.8748524203773372],[0.3612750886709659],[0.30224321143967764],[0.5432252491941981]
0.5245768229166666,[0.872802734375],[0.371337890625],[0.32958984375],[0.5517087613698095]
0.529541015625,[0.880859375],[0.364013671875],[0.34375],[0.5112393352901563]
0.52783203125,[0.8740234375],[0.366455078125],[0.343017578125],[0.5334304601419717]
0.535888671875,[0.879638671875],[0.383056640625],[0.344970703125],[0.5271674927789718]
0.5221354166666666,[0.874755859375],[0.366455078125],[0.3251953125],[0.5422457274980843]
0.5370279947916666,[0.8828125],[0.38525390625],[0.343017578125],[0.5251839633565396]
0.531494140625,[0.876953125],[0.387451171875],[0.330078125],[0.5394282832276076]
0.540771484375,[0.88037109375],[0.407470703125],[0.33447265625],[0.5320155289955437]
0.5053128691368899,[0.8583234949686169],[0.36953955146329037],[0.28807556097876225],[0.5495592181206875]
0.5230305989583334,[0.872802734375],[0.37158203125],[0.32470703125],[0.5618836032226682]
0.5305989583333334,[0.886474609375],[0.359130859375],[0.34619140625],[0.4946442178916186]
0.5313313802083334,[0.883056640625],[0.371337890625],[0.339599609375],[0.5056195325450972]
0.5349934895833334,[0.876708984375],[0.380126953125],[0.34814453125],[0.5395398755790666]
0.5294596354166666,[0.88037109375],[0.369873046875],[0.338134765625],[0.5037781482096761]
0.5362141927083334,[0.88232421875],[0.385986328125],[0.34033203125],[0.5178248434094712]
0.5364583333333334,[0.891845703125],[0.388671875],[0.328857421875],[0.5034485018113628]
0.5455729166666666,[0.885986328125],[0.404052734375],[0.3466796875],[0.528852931689471]
0.5273514367121029,[0.8701298703409845],[0.3719008267981384],[0.34002361299718564],[0.5488325733220845]
0.5275065104166666,[0.87646484375],[0.37255859375],[0.33349609375],[0.5434383207466453]
0.5337727864583334,[0.88671875],[0.362548828125],[0.35205078125],[0.5106709632091224]
0.527099609375,[0.8798828125],[0.3701171875],[0.331298828125],[0.5142460979986936]
0.5323893229166666,[0.871337890625],[0.382080078125],[0.34375],[0.5469037520233542]
0.5242513020833334,[0.875244140625],[0.36865234375],[0.328857421875],[0.5302744179498404]
0.5376790364583334,[0.888671875],[0.385986328125],[0.33837890625],[0.5068463372299448]
0.5354817708333334,[0.890625],[0.387451171875],[0.328369140625],[0.4918351375963539]
0.5425618489583334,[0.884765625],[0.4072265625],[0.335693359375],[0.5289200596744195]
0.5120031485309848,[0.8559622198800692],[0.37544273911428844],[0.30460448659859696],[0.5462229066080861]
0.5306803385416666,[0.88037109375],[0.372802734375],[0.3388671875],[0.5255824989872053]
0.5364583333333334,[0.889892578125],[0.36376953125],[0.355712890625],[0.4800564987817779]
0.532470703125,[0.886474609375],[0.369384765625],[0.341552734375],[0.4901626578066498]
0.5375162760416666,[0.880859375],[0.383056640625],[0.3486328125],[0.519724844256416]
0.52978515625,[0.88623046875],[0.371337890625],[0.331787109375],[0.4983530330937356]
0.5438639322916666,[0.89208984375],[0.38720703125],[0.352294921875],[0.48452966706827283]
0.5445963541666666,[0.9033203125],[0.394287109375],[0.336181640625],[0.47984714165795594]
0.5436197916666666,[0.888671875],[0.40673828125],[0.33544921875],[0.5205423482693732]
0.530893349192453,[0.8984651713331869],[0.381345926835658],[0.3128689494085143],[0.46271706169301813]
0.5284016927083334,[0.883544921875],[0.3720703125],[0.32958984375],[0.5040281363762915]
0.5387369791666666,[0.903564453125],[0.359619140625],[0.35302734375],[0.46331659122370183]
0.537353515625,[0.886474609375],[0.367919921875],[0.357666015625],[0.5052781170234084]
0.544921875,[0.894287109375],[0.388427734375],[0.35205078125],[0.48828482849057764]
0.5386555989583334,[0.8984375],[0.37353515625],[0.343994140625],[0.4666009075008333]
0.5445963541666666,[0.89501953125],[0.38671875],[0.35205078125],[0.47566224727779627]
0.5423990885416666,[0.894287109375],[0.39208984375],[0.3408203125],[0.47891658218577504]
0.5453287760416666,[0.887451171875],[0.406005859375],[0.342529296875],[0.5102591589093208]
0.5249901614564227,[0.9020070839660086],[0.36009445110909916],[0.31286894929416065],[0.46265694045119754]
0.5335286458333334,[0.894287109375],[0.3720703125],[0.334228515625],[0.4806849620072171]
0.5394694010416666,[0.905029296875],[0.36181640625],[0.3515625],[0.4674357493640855]
0.5345865885416666,[0.88330078125],[0.370849609375],[0.349609375],[0.5059339937288314]
0.5404459635416666,[0.87841796875],[0.385498046875],[0.357421875],[0.5107401183340698]
0.532470703125,[0.8935546875],[0.369384765625],[0.33447265625],[0.4862785453442484]
0.5433756510416666,[0.891845703125],[0.388671875],[0.349609375],[0.48220151802524924]
0.5413411458333334,[0.896484375],[0.390869140625],[0.336669921875],[0.4732836610637605]
0.5479329427083334,[0.896728515625],[0.4052734375],[0.341796875],[0.4749871208332479]
0.5403384496522016,[0.9008264464217347],[0.3789846522045248],[0.3412042503303451],[0.48515806393752836]
0.5337727864583334,[0.89208984375],[0.369873046875],[0.33935546875],[0.495275758090429]
0.5362141927083334,[0.904052734375],[0.364013671875],[0.340576171875],[0.4535326745826751]
0.5362141927083334,[0.896728515625],[0.369873046875],[0.342041015625],[0.4641524881590158]
0.5433756510416666,[0.890625],[0.3857421875],[0.353759765625],[0.4891019242350012]
0.533447265625,[0.89453125],[0.369873046875],[0.3359375],[0.4919465121347457]
0.5482584635416666,[0.90283203125],[0.389892578125],[0.35205078125],[0.4639406071510166]
0.54443359375,[0.90234375],[0.393310546875],[0.337646484375],[0.46472274768166244]
0.55126953125,[0.893310546875],[0.4052734375],[0.355224609375],[0.50406902609393]
0.5304998033443618,[0.8878394335050932],[0.3754427391846599],[0.32821723734333214],[0.4951807524406361]
0.5340169270833334,[0.887939453125],[0.3720703125],[0.342041015625],[0.5025667689042166]
0.54150390625,[0.902099609375],[0.363037109375],[0.359375],[0.44231566577218473]
0.5423990885416666,[0.903564453125],[0.368408203125],[0.355224609375],[0.4595733474707231]
0.5467122395833334,[0.900390625],[0.385986328125],[0.353759765625],[0.46547146094962955]
0.54052734375,[0.89453125],[0.37353515625],[0.353515625],[0.4796575113432482]
0.5492350260416666,[0.90283203125],[0.390869140625],[0.35400390625],[0.4552803272381425]
0.5458170572916666,[0.899658203125],[0.387939453125],[0.349853515625],[0.4683432412566617]
0.54638671875,[0.896728515625],[0.4052734375],[0.337158203125],[0.4830850074067712]
0.5344352617783604,[0.911452184179457],[0.3754427391846599],[0.3164108619709645],[0.4590086612538154]
0.5343424479166666,[0.885986328125],[0.370361328125],[0.3466796875],[0.4945529451360926]
0.5425618489583334,[0.91162109375],[0.364501953125],[0.3515625],[0.43154676677659154]
0.5302734375,[0.890380859375],[0.365966796875],[0.33447265625],[0.4795015591662377]
0.55126953125,[0.902099609375],[0.3876953125],[0.364013671875],[0.45809418812859803]
0.536865234375,[0.900634765625],[0.371337890625],[0.338623046875],[0.4655076431808993]
0.5526529947916666,[0.9052734375],[0.39111328125],[0.361572265625],[0.45247926167212427]
0.5482584635416666,[0.91259765625],[0.395751953125],[0.33642578125],[0.4242125996388495]
0.5518391927083334,[0.898681640625],[0.40771484375],[0.34912109375],[0.4800275706220418]
0.5391578119613204,[0.9173553719008265],[0.37780401434357924],[0.32231404963955546],[0.4007703988794171]
0.5419921875,[0.900634765625],[0.373046875],[0.352294921875],[0.4626642968505621]
0.543701171875,[0.912109375],[0.361328125],[0.357666015625],[0.4162996477680281]
0.5426432291666666,[0.902099609375],[0.37109375],[0.354736328125],[0.4594828087138012]
0.5479329427083334,[0.900390625],[0.385009765625],[0.3583984375],[0.46644970774650574]
0.5404459635416666,[0.904541015625],[0.37109375],[0.345703125],[0.44995731278322637]
0.5572102864583334,[0.9150390625],[0.38720703125],[0.369384765625],[0.4280098032904789]
0.5497233072916666,[0.90625],[0.39208984375],[0.350830078125],[0.44617590098641813]
0.5560709635416666,[0.901123046875],[0.409423828125],[0.357666015625],[0.46079211100004613]
0.5336481703871209,[0.9043683590545564],[0.37072018939460744],[0.32585596271219897],[0.442873148175029]
0.5381673177083334,[0.90673828125],[0.37255859375],[0.335205078125],[0.459149872767739]
0.5445149739583334,[0.910888671875],[0.36328125],[0.359375],[0.43514875264372677]
0.543212890625,[0.900146484375],[0.369140625],[0.3603515625],[0.4466024120338261]
0.5550944010416666,[0.90234375],[0.3876953125],[0.375244140625],[0.45520102500449866]
0.540771484375,[0.905517578125],[0.368408203125],[0.348388671875],[0.4539003351237625]
0.5537923177083334,[0.906982421875],[0.3935546875],[0.36083984375],[0.4516017386922613]
0.5506184895833334,[0.91552734375],[0.390380859375],[0.345947265625],[0.42117603961378336]
0.5546875,[0.907958984375],[0.404541015625],[0.3515625],[0.45560957374982536]
0.5391578120082346,[0.9055489964580874],[0.38252656459104634],[0.3293978749755704],[0.45743831890110703]
0.5399576822916666,[0.90625],[0.37060546875],[0.343017578125],[0.4516384311718866]
0.5445963541666666,[0.9169921875],[0.360595703125],[0.356201171875],[0.4168684803880751]
0.5439453125,[0.907470703125],[0.371337890625],[0.35302734375],[0.44029900268651545]
0.5524088541666666,[0.90576171875],[0.38623046875],[0.365234375],[0.4470317349769175]
0.542236328125,[0.899169921875],[0.371826171875],[0.355712890625],[0.4638245025416836]
0.5579427083333334,[0.91455078125],[0.392333984375],[0.366943359375],[0.41928320890292525]
0.552734375,[0.90966796875],[0.392333984375],[0.356201171875],[0.43164434179197997]
0.5565592447916666,[0.90380859375],[0.408203125],[0.357666015625],[0.46255425235722214]
0.5261707989567146,[0.8937426210857198],[0.3742621015876074],[0.3105076741968164],[0.47544678802895574]
0.5470377604166666,[0.91162109375],[0.375244140625],[0.354248046875],[0.43356794980354607]
0.5485026041666666,[0.9150390625],[0.36328125],[0.3671875],[0.42718932719435543]
0.543212890625,[0.904052734375],[0.37158203125],[0.35400390625],[0.4374711668351665]
0.5503743489583334,[0.906494140625],[0.38671875],[0.35791015625],[0.44330767705105245]
0.5435384114583334,[0.9052734375],[0.37255859375],[0.352783203125],[0.4516022205352783]
0.5594075520833334,[0.916015625],[0.393310546875],[0.368896484375],[0.4265982850920409]
0.55078125,[0.91796875],[0.3935546875],[0.3408203125],[0.42320421908516437]
0.560791015625,[0.91162109375],[0.41064453125],[0.360107421875],[0.437996917986311]
0.5367965370076512,[0.8890200710493671],[0.37898465188785313],[0.3423848880857335],[0.4946638783428998]
0.5474446614583334,[0.908447265625],[0.3720703125],[0.36181640625],[0.4334381005028263]
0.5519205729166666,[0.920166015625],[0.364501953125],[0.37109375],[0.41710724914446473]
0.5492350260416666,[0.9130859375],[0.3701171875],[0.364501953125],[0.4182844602037221]
0.5604654947916666,[0.913818359375],[0.385009765625],[0.382568359375],[0.43065481854137033]
0.5432942708333334,[0.9072265625],[0.3720703125],[0.3505859375],[0.43705086852423847]
0.5595703125,[0.9228515625],[0.389892578125],[0.365966796875],[0.41081317828502506]
0.551513671875,[0.915771484375],[0.39111328125],[0.34765625],[0.40483600716106594]
0.5550130208333334,[0.908447265625],[0.408203125],[0.348388671875],[0.444893536856398]
0.5434868163372389,[0.9244391972368414],[0.3837072020649488],[0.32231404970992694],[0.41860310787856225]
0.544921875,[0.90478515625],[0.375732421875],[0.354248046875],[0.44608404114842415]
0.5496419270833334,[0.921630859375],[0.363037109375],[0.3642578125],[0.41065869736485183]
0.543212890625,[0.905517578125],[0.369384765625],[0.354736328125],[0.43548989307601005]
0.553955078125,[0.91259765625],[0.386962890625],[0.3623046875],[0.4313171935500577]
0.5426432291666666,[0.9091796875],[0.370361328125],[0.348388671875],[0.42625416768714786]
0.554931640625,[0.912841796875],[0.39111328125],[0.36083984375],[0.4328520359704271]
0.555908203125,[0.918701171875],[0.39111328125],[0.35791015625],[0.4004630980780348]
0.5587565104166666,[0.910400390625],[0.4091796875],[0.356689453125],[0.44264949613716453]
0.5438803622263804,[0.9173553721119408],[0.37426210164038604],[0.34002361292681416],[0.4060671880506991]
0.5448404947916666,[0.90576171875],[0.374267578125],[0.3544921875],[0.43375482340343297]
0.549560546875,[0.917236328125],[0.361083984375],[0.370361328125],[0.40715705207549036]
0.5437825520833334,[0.91064453125],[0.374267578125],[0.346435546875],[0.4200852473732084]
0.5568033854166666,[0.912841796875],[0.387451171875],[0.3701171875],[0.41745449451263994]
0.546875,[0.91943359375],[0.3681640625],[0.35302734375],[0.41860570246353745]
0.5563151041666666,[0.9130859375],[0.3916015625],[0.3642578125],[0.42114961275365204]
0.5585123697916666,[0.923095703125],[0.391845703125],[0.360595703125],[0.4128263823222369]
0.5619303385416666,[0.9130859375],[0.410888671875],[0.36181640625],[0.4352112450869754]
0.5407319954181928,[0.9149940969530216],[0.36953955139291894],[0.33766233790863787],[0.4539482586499229]
0.5459798177083334,[0.913330078125],[0.373046875],[0.3515625],[0.4401614903472364]
0.5511067708333334,[0.915771484375],[0.363037109375],[0.37451171875],[0.3996000911574811]
0.5460611979166666,[0.91259765625],[0.369873046875],[0.355712890625],[0.4228037806460634]
0.555419921875,[0.9150390625],[0.384765625],[0.366455078125],[0.42987592483405024]
0.5470377604166666,[0.918212890625],[0.36865234375],[0.354248046875],[0.4213463520864025]
0.5579427083333334,[0.916748046875],[0.390380859375],[0.36669921875],[0.41231032623909414]
0.5576171875,[0.92333984375],[0.3955078125],[0.35400390625],[0.4086247568484396]
0.5592447916666666,[0.914306640625],[0.408203125],[0.355224609375],[0.43137654557358474]
0.5285320741156339,[0.8984651714035584],[0.37662337674652674],[0.3105076741968164],[0.427015165159525]
0.5472819010416666,[0.91455078125],[0.371826171875],[0.35546875],[0.40985072136390954]
0.5508626302083334,[0.921875],[0.362548828125],[0.3681640625],[0.385348440380767]
0.5511881510416666,[0.910888671875],[0.37158203125],[0.37109375],[0.41671581065747887]
0.557861328125,[0.911865234375],[0.384765625],[0.376953125],[0.4261412009363994]
0.5455729166666666,[0.9111328125],[0.372802734375],[0.352783203125],[0.4200533088296652]
0.5584309895833334,[0.924072265625],[0.39013671875],[0.361083984375],[0.39970886800438166]
0.555908203125,[0.920654296875],[0.392578125],[0.3544921875],[0.40006783220451325]
0.5647786458333334,[0.919677734375],[0.410888671875],[0.36376953125],[0.4128571490291506]
0.5411255412193697,[0.9090909090909091],[0.36953955146329037],[0.3447461631039098],[0.4324362154834527]
0.547607421875,[0.913330078125],[0.37255859375],[0.35693359375],[0.42645334696862847]
0.5526529947916666,[0.925537109375],[0.36474609375],[0.36767578125],[0.39784161001443863]
0.5489908854166666,[0.922607421875],[0.372314453125],[0.35205078125],[0.3962255441583693]
0.5618489583333334,[0.918212890625],[0.392333984375],[0.375],[0.41759393154643476]
0.5514322916666666,[0.916015625],[0.376708984375],[0.361572265625],[0.4161104385275394]
0.5594889322916666,[0.9208984375],[0.38916015625],[0.368408203125],[0.4085078906500712]
0.5533854166666666,[0.9150390625],[0.3935546875],[0.3515625],[0.42439468554221094]
0.563720703125,[0.915283203125],[0.4111328125],[0.36474609375],[0.4382443120703101]
0.5324675327959327,[0.8890200709789956],[0.38134592729307265],[0.3270366001157299],[0.447343856729611]
0.5504557291666666,[0.920654296875],[0.373779296875],[0.35693359375],[0.39353189314715564]
0.5559895833333334,[0.92919921875],[0.36376953125],[0.375],[0.3773766254307702]
0.5498046875,[0.915283203125],[0.37109375],[0.363037109375],[0.41173815459478647]
0.5576171875,[0.920166015625],[0.390380859375],[0.3623046875],[0.41448412952013314]
0.5498860677083334,[0.92236328125],[0.372314453125],[0.35498046875],[0.3971665935823694]
0.56005859375,[0.92529296875],[0.390380859375],[0.364501953125],[0.39798534847795963]
0.5541178385416666,[0.919677734375],[0.393310546875],[0.349365234375],[0.4078612459124997]
0.561767578125,[0.9150390625],[0.410400390625],[0.35986328125],[0.4220197034301236]
0.5356158993695487,[0.9055489964580874],[0.37662337672893387],[0.3246753249216249],[0.4151986399324613]
0.5464680989583334,[0.91259765625],[0.3740234375],[0.352783203125],[0.42698814102914184]
0.5537923177083334,[0.93115234375],[0.364013671875],[0.3662109375],[0.3755709226243198]
0.5511067708333334,[0.9169921875],[0.371826171875],[0.364501953125],[0.39718208729755133]
0.554443359375,[0.9130859375],[0.385986328125],[0.3642578125],[0.42373741779010743]
0.545654296875,[0.914794921875],[0.372314453125],[0.349853515625],[0.4152358310529962]
0.561767578125,[0.9296875],[0.3916015625],[0.364013671875],[0.37778917234390974]
0.555908203125,[0.925537109375],[0.395751953125],[0.346435546875],[0.39243877783883363]
0.5629069010416666,[0.92236328125],[0.41064453125],[0.355712890625],[0.41725184221286327]
0.5340417160240978,[0.9102715467759259],[0.3624557262680184],[0.329397875028349],[0.4201253451310195]
0.5453287760416666,[0.9130859375],[0.371337890625],[0.3515625],[0.4130020278971642]
0.5537923177083334,[0.9296875],[0.3623046875],[0.369384765625],[0.37462263845372945]
0.5477701822916666,[0.916015625],[0.370849609375],[0.3564453125],[0.40329729369841516]
0.5606282552083334,[0.921630859375],[0.389892578125],[0.370361328125],[0.4057234658394009]
0.546875,[0.91455078125],[0.37158203125],[0.3544921875],[0.40275647316593677]
0.5601399739583334,[0.923583984375],[0.392822265625],[0.364013671875],[0.3889342030743137]
0.5594889322916666,[0.9248046875],[0.39453125],[0.359130859375],[0.39734360750298947]
0.5643717447916666,[0.923095703125],[0.408447265625],[0.361572265625],[0.4067869660211727]
0.5426997246175992,[0.9232585597629389],[0.36953955139291894],[0.33530106269693993],[0.3985324950257609]
0.5492350260416666,[0.918212890625],[0.3759765625],[0.353515625],[0.41712292842566967]
0.5524088541666666,[0.931640625],[0.365234375],[0.3603515625],[0.37317409203387797]
0.5494791666666666,[0.918212890625],[0.369384765625],[0.36083984375],[0.3953878581523895]
0.5675455729166666,[0.928955078125],[0.386962890625],[0.38671875],[0.3961332623148337]
0.5482584635416666,[0.9150390625],[0.3740234375],[0.355712890625],[0.40217017696704715]
0.55908203125,[0.923095703125],[0.38720703125],[0.366943359375],[0.39608605531975627]
0.5568033854166666,[0.920166015625],[0.39306640625],[0.357177734375],[0.39303248771466315]
0.5670572916666666,[0.920166015625],[0.41015625],[0.370849609375],[0.4208926724968478]
0.5415190871378326,[0.9232585596925674],[0.374262101781129],[0.3270365999398012],[0.3908609413622121]
0.5506184895833334,[0.924560546875],[0.375244140625],[0.35205078125],[0.393113091471605]
0.5458984375,[0.92626953125],[0.3623046875],[0.34912109375],[0.38481519010383636]
0.5489095052083334,[0.91943359375],[0.370849609375],[0.3564453125],[0.4197388057364151]
0.561279296875,[0.919677734375],[0.38818359375],[0.3759765625],[0.40802163165062666]
0.55224609375,[0.926025390625],[0.372802734375],[0.35791015625],[0.3852108281571418]
0.5654296875,[0.9404296875],[0.387939453125],[0.367919921875],[0.35709727043285966]
0.5611165364583334,[0.927978515625],[0.393798828125],[0.361572265625],[0.37942875747103244]
0.564697265625,[0.925048828125],[0.4072265625],[0.36181640625],[0.40176925621926785]
0.5474222748122878,[0.9303423849582109],[0.3707201891483073],[0.3412042503303451],[0.35444110058415174]
0.5518391927083334,[0.926513671875],[0.372314453125],[0.356689453125],[0.39052480773534626]
0.5541178385416666,[0.92626953125],[0.365966796875],[0.3701171875],[0.3844980215653777]
0.5553385416666666,[0.9296875],[0.371337890625],[0.364990234375],[0.37416674639098346]
0.5674641927083334,[0.927490234375],[0.38623046875],[0.388671875],[0.3836123811779544]
0.548095703125,[0.917724609375],[0.372314453125],[0.354248046875],[0.4024391563143581]
0.5641276041666666,[0.931396484375],[0.389892578125],[0.37109375],[0.367243375396356]
0.5556640625,[0.919921875],[0.394775390625],[0.352294921875],[0.40756257122848183]
0.5659993489583334,[0.924072265625],[0.40869140625],[0.365234375],[0.3995811560889706]
0.5446674539577487,[0.9173553719008265],[0.3742621017107575],[0.3423848882616622],[0.4144551084061299]
0.5530598958333334,[0.924072265625],[0.37451171875],[0.360595703125],[0.3927234810544178]
0.5562337239583334,[0.93310546875],[0.364501953125],[0.37109375],[0.3643029280938208]
0.5442708333333334,[0.924072265625],[0.37109375],[0.337646484375],[0.3842937389854342]
0.5679524739583334,[0.93017578125],[0.387939453125],[0.3857421875],[0.38616319454740733]
0.5546061197916666,[0.92626953125],[0.372802734375],[0.36474609375],[0.37480975058861077]
0.559326171875,[0.926025390625],[0.390869140625],[0.361083984375],[0.3875358123332262]
0.558837890625,[0.925048828125],[0.394287109375],[0.357177734375],[0.38802838837727904]
0.5648600260416666,[0.9248046875],[0.408447265625],[0.361328125],[0.38515934988390654]
0.5399449038275673,[0.9256198347811153],[0.3789846519582246],[0.3152302247433623],[0.36708014288646695]
0.5546061197916666,[0.921630859375],[0.37744140625],[0.36474609375],[0.3921348351286724]
0.5537923177083334,[0.928955078125],[0.36767578125],[0.36474609375],[0.37680567672941834]
0.5489095052083334,[0.918212890625],[0.373291015625],[0.355224609375],[0.38089453359134495]
0.5620930989583334,[0.91650390625],[0.387451171875],[0.38232421875],[0.41652758279815316]
0.55224609375,[0.92529296875],[0.372802734375],[0.358642578125],[0.369825326022692]
0.5646158854166666,[0.9384765625],[0.392333984375],[0.363037109375],[0.35887095576617867]
0.560546875,[0.929443359375],[0.390625],[0.361572265625],[0.36817399447318166]
0.5663248697916666,[0.9287109375],[0.40576171875],[0.364501953125],[0.39275634102523327]
0.5474222748826593,[0.935064935205678],[0.3719008266925812],[0.33530106274971855],[0.3747283174549675]
0.5542805989583334,[0.923828125],[0.373779296875],[0.365234375],[0.3829191983677447]
0.5556640625,[0.9326171875],[0.367431640625],[0.366943359375],[0.37309778900817037]
0.5575358072916666,[0.927001953125],[0.37255859375],[0.373046875],[0.3830914639402181]
0.5672200520833334,[0.923583984375],[0.38818359375],[0.389892578125],[0.394458563067019]
0.5520833333333334,[0.929443359375],[0.373046875],[0.353759765625],[0.3754306270275265]
0.560302734375,[0.925537109375],[0.38818359375],[0.3671875],[0.3863753266632557]
0.5616861979166666,[0.93115234375],[0.3955078125],[0.3583984375],[0.36192319146357477]
0.5626627604166666,[0.926025390625],[0.40771484375],[0.354248046875],[0.3966086416039616]
0.5383707202827307,[0.9126328217237308],[0.37662337672893387],[0.3258559623955273],[0.4088203870771627]
0.54833984375,[0.925537109375],[0.369140625],[0.350341796875],[0.3982135612750426]
0.5576171875,[0.929931640625],[0.364501953125],[0.37841796875],[0.35822698555421084]
0.5533040364583334,[0.9248046875],[0.369140625],[0.365966796875],[0.3937858900753781]
0.5614420572916666,[0.92138671875],[0.387939453125],[0.375],[0.39785786194261163]
0.5536295572916666,[0.927734375],[0.373779296875],[0.359375],[0.37552985560614616]
0.5635579427083334,[0.927978515625],[0.3935546875],[0.369140625],[0.36935819091740996]
0.5629069010416666,[0.93359375],[0.39404296875],[0.361083984375],[0.35591394518269226]
0.5665690104166666,[0.929931640625],[0.409423828125],[0.3603515625],[0.383206429425627]
0.5521448249541977,[0.9126328218644738],[0.3860684770303465],[0.3577331759677727],[0.44013067682349555]
0.5548502604166666,[0.924560546875],[0.376953125],[0.363037109375],[0.38879265962168574]
0.55517578125,[0.9296875],[0.362548828125],[0.373291015625],[0.37150319514330477]
0.5526529947916666,[0.927490234375],[0.373046875],[0.357421875],[0.377917354577221]
0.5653483072916666,[0.928466796875],[0.390625],[0.376953125],[0.37918252940289676]
0.5552571614583334,[0.92919921875],[0.370849609375],[0.36572265625],[0.37754354113712907]
0.5642903645833334,[0.9306640625],[0.388671875],[0.37353515625],[0.36823227629065514]
0.5626627604166666,[0.93115234375],[0.393310546875],[0.363525390625],[0.3796325648436323]
0.5655110677083334,[0.924560546875],[0.4072265625],[0.36474609375],[0.40303278900682926]
0.543486816436932,[0.9268004723253892],[0.37662337672893387],[0.32703660025647285],[0.3993949880988426]
0.5538736979166666,[0.926513671875],[0.376708984375],[0.3583984375],[0.3765386942541227]
0.5511881510416666,[0.923828125],[0.36328125],[0.366455078125],[0.38680331816431135]
0.5552571614583334,[0.927978515625],[0.3720703125],[0.36572265625],[0.36551342031452805]
0.5631510416666666,[0.92138671875],[0.388671875],[0.37939453125],[0.3895738117862493]
0.5550130208333334,[0.93115234375],[0.372802734375],[0.361083984375],[0.37400744878686965]
0.5718587239583334,[0.94287109375],[0.38916015625],[0.383544921875],[0.338304233038798]
0.563232421875,[0.93896484375],[0.391357421875],[0.359375],[0.36494571436196566]
0.5663248697916666,[0.923095703125],[0.409423828125],[0.366455078125],[0.39006957376841456]
0.548602912362426,[0.9374262102238544],[0.37308146423685506],[0.33530106262656845],[0.3489978066442145]
0.551025390625,[0.92724609375],[0.373291015625],[0.3525390625],[0.3810484391869977]
0.556640625,[0.931640625],[0.363525390625],[0.374755859375],[0.35223093011882156]
0.5582682291666666,[0.934326171875],[0.373779296875],[0.36669921875],[0.36148335959296674]
0.5662434895833334,[0.92529296875],[0.390380859375],[0.383056640625],[0.3888486379291862]
0.5614420572916666,[0.929443359375],[0.376708984375],[0.378173828125],[0.36119512852746993]
0.56591796875,[0.937744140625],[0.39306640625],[0.366943359375],[0.34467565326485783]
0.56201171875,[0.93359375],[0.3876953125],[0.36474609375],[0.3650038361083716]
0.568603515625,[0.926513671875],[0.409912109375],[0.369384765625],[0.38845611829310656]
0.5501770957958412,[0.9197166471301172],[0.3707201890075643],[0.3600944512498421],[0.38983171671593764]
0.5548502604166666,[0.9287109375],[0.374755859375],[0.361083984375],[0.38935366296209395]
0.5586751302083334,[0.93359375],[0.36376953125],[0.378662109375],[0.3540367332752794]
0.55712890625,[0.927734375],[0.371337890625],[0.372314453125],[0.3672146542230621]
0.563720703125,[0.923583984375],[0.385498046875],[0.382080078125],[0.3892050751019269]
0.554931640625,[0.927490234375],[0.3759765625],[0.361328125],[0.36949740012641996]
0.5638834635416666,[0.9326171875],[0.39208984375],[0.366943359375],[0.3582260680850595]
0.564208984375,[0.93798828125],[0.392578125],[0.362060546875],[0.3550346202682704]
0.5696614583333334,[0.935302734375],[0.40966796875],[0.364013671875],[0.36366310657467693]
0.5478158207072935,[0.9327036600467588],[0.3719008266222097],[0.33884297545291175],[0.36233053156729994]
0.5533854166666666,[0.9267578125],[0.373046875],[0.3603515625],[0.37775770714506507]
0.5585123697916666,[0.937255859375],[0.363525390625],[0.374755859375],[0.34974394203163683]
0.5574544270833334,[0.927978515625],[0.373291015625],[0.37109375],[0.35323050257284194]
0.5693359375,[0.929443359375],[0.391845703125],[0.38671875],[0.3658684447873384]
0.5545247395833334,[0.929931640625],[0.374267578125],[0.359375],[0.36850029486231506]
0.5636393229166666,[0.935302734375],[0.388916015625],[0.36669921875],[0.3644318017177284]
0.5686848958333334,[0.938232421875],[0.3935546875],[0.374267578125],[0.3446806756546721]
0.569580078125,[0.928466796875],[0.407470703125],[0.372802734375],[0.38358475361019373]
0.5548996458556511,[0.9397874852420307],[0.37308146409611215],[0.3518299882288103],[0.35838610982388225]
0.56005859375,[0.93359375],[0.37744140625],[0.369140625],[0.35777019103989005]
0.5625813802083334,[0.932861328125],[0.365966796875],[0.388916015625],[0.35931268241256475]
0.5582682291666666,[0.9306640625],[0.37353515625],[0.37060546875],[0.35729336203075945]
0.5691731770833334,[0.923583984375],[0.390625],[0.393310546875],[0.3909423665609211]
0.5547688802083334,[0.92822265625],[0.375244140625],[0.36083984375],[0.37154722318518907]
0.5655110677083334,[0.935791015625],[0.39111328125],[0.36962890625],[0.35486269602552056]
0.5642903645833334,[0.929443359375],[0.393310546875],[0.3701171875],[0.38006608572322875]
0.5719401041666666,[0.934814453125],[0.408935546875],[0.3720703125],[0.3747735865181312]
0.5489964581401457,[0.9126328217941023],[0.38842975210130143],[0.3459268005250336],[0.39829511178707994]
0.5537109375,[0.933837890625],[0.375732421875],[0.3515625],[0.36379834124818444]
0.5577799479166666,[0.938720703125],[0.3642578125],[0.370361328125],[0.3456700046081096]
0.5548502604166666,[0.92626953125],[0.37451171875],[0.36376953125],[0.37930627481546253]
0.5699055989583334,[0.93017578125],[0.389892578125],[0.3896484375],[0.3601003516232595]
0.557373046875,[0.93310546875],[0.374267578125],[0.36474609375],[0.36174524517264217]
0.5681966145833334,[0.933349609375],[0.390869140625],[0.38037109375],[0.3704085113713518]
0.5616861979166666,[0.9306640625],[0.389404296875],[0.364990234375],[0.37331116350833327]
0.57275390625,[0.933349609375],[0.409912109375],[0.375],[0.37394612503703684]
0.5482093664850133,[0.9197166469893743],[0.3801652894321271],[0.34474616303353833],[0.3765782198770832]
0.5572916666666666,[0.937255859375],[0.377197265625],[0.357421875],[0.36750854970887303]
0.5616861979166666,[0.938232421875],[0.364501953125],[0.38232421875],[0.3480812644120306]
0.5572916666666666,[0.93212890625],[0.376220703125],[0.363525390625],[0.35493599553592503]
0.565185546875,[0.930908203125],[0.386962890625],[0.377685546875],[0.3684164899168536]
0.5567220052083334,[0.92626953125],[0.3740234375],[0.369873046875],[0.3691748877754435]
0.5634765625,[0.933837890625],[0.390869140625],[0.36572265625],[0.3581162984482944]
0.5623372395833334,[0.928955078125],[0.394287109375],[0.36376953125],[0.36039039597380906]
0.56787109375,[0.93212890625],[0.410888671875],[0.360595703125],[0.37337242357898504]
0.5446674538521915,[0.9185360095154719],[0.3754427391846599],[0.3400236128564427],[0.38955131180171]
0.5601399739583334,[0.932373046875],[0.378173828125],[0.369873046875],[0.38734358665533364]
0.5609537760416666,[0.9384765625],[0.364013671875],[0.38037109375],[0.34205209801439196]
0.560302734375,[0.939453125],[0.3740234375],[0.367431640625],[0.3388993823900819]
0.5677083333333334,[0.928955078125],[0.38818359375],[0.385986328125],[0.38089904573280364]
0.5570475260416666,[0.933837890625],[0.3759765625],[0.361328125],[0.35102063918020576]
0.56982421875,[0.939697265625],[0.388916015625],[0.380859375],[0.3399441493675113]
0.5689290364583334,[0.9404296875],[0.39208984375],[0.374267578125],[0.3439320314209908]
0.5694986979166666,[0.934326171875],[0.40966796875],[0.364501953125],[0.37470461265183985]
0.5403384494821372,[0.9126328217237308],[0.37662337674652674],[0.33175914997615386],[0.3985135596786508]
0.559814453125,[0.932373046875],[0.376953125],[0.3701171875],[0.36494714533910155]
0.5621744791666666,[0.940185546875],[0.364990234375],[0.38134765625],[0.3448624371085316]
0.5589192708333334,[0.931640625],[0.37255859375],[0.37255859375],[0.3643538999604061]
0.568603515625,[0.93408203125],[0.392822265625],[0.37890625],[0.3688907466130331]
0.5557454427083334,[0.930908203125],[0.37451171875],[0.36181640625],[0.3668350239749998]
0.5682779947916666,[0.9345703125],[0.392822265625],[0.37744140625],[0.35828079795464873]
0.5694173177083334,[0.94287109375],[0.39599609375],[0.369384765625],[0.33587053744122386]
0.572998046875,[0.934814453125],[0.410400390625],[0.373779296875],[0.35420411464292556]
0.5454545456422027,[0.9315230225728564],[0.3719008266925812],[0.3329397876611707],[0.3378940057867111]
0.5565592447916666,[0.930908203125],[0.378173828125],[0.360595703125],[0.35640815703663975]
0.561279296875,[0.943359375],[0.36328125],[0.377197265625],[0.33498321019578725]
0.5597330729166666,[0.93212890625],[0.37255859375],[0.37451171875],[0.367123149568215]
0.571044921875,[0.93310546875],[0.391357421875],[0.388671875],[0.3640145390527323]
0.5558268229166666,[0.933837890625],[0.371826171875],[0.36181640625],[0.35345347539987415]
0.5653483072916666,[0.939697265625],[0.390869140625],[0.365478515625],[0.35532517527462915]
0.5634765625,[0.93310546875],[0.3916015625],[0.36572265625],[0.3525679272133857]
0.5741373697916666,[0.93701171875],[0.411865234375],[0.37353515625],[0.3579658339731395]
0.5482093665319275,[0.9362455727499519],[0.3671782763747426],[0.3412042504710881],[0.34327418122269043]
0.560546875,[0.933837890625],[0.374267578125],[0.37353515625],[0.3636064404854551]
0.5618489583333334,[0.941650390625],[0.362548828125],[0.38134765625],[0.3384486456634477]
0.5601399739583334,[0.941162109375],[0.37451171875],[0.36474609375],[0.3392244220012799]
0.5682779947916666,[0.93359375],[0.386474609375],[0.384765625],[0.3718889991287142]
0.5595703125,[0.933837890625],[0.376220703125],[0.36865234375],[0.3549438792979345]
0.5689290364583334,[0.94091796875],[0.3916015625],[0.374267578125],[0.3480025492608547]
0.5638020833333334,[0.93212890625],[0.39404296875],[0.365234375],[0.36968211526982486]
0.5716145833333334,[0.937255859375],[0.412353515625],[0.365234375],[0.370711033931002]
0.5462416372738782,[0.9279811098696631],[0.36835891405975946],[0.3423848878922119],[0.34200571736028373]
0.559814453125,[0.933349609375],[0.37744140625],[0.36865234375],[0.34252520359586924]
0.563720703125,[0.947509765625],[0.364013671875],[0.379638671875],[0.326723353122361]
0.5603841145833334,[0.9443359375],[0.37158203125],[0.365234375],[0.32804680708795786]
0.5716959635416666,[0.92724609375],[0.39208984375],[0.395751953125],[0.3670270359143615]
0.55615234375,[0.927978515625],[0.373291015625],[0.3671875],[0.36074425908736885]
0.5667317708333334,[0.946533203125],[0.3916015625],[0.362060546875],[0.33830269624013454]
0.566162109375,[0.9326171875],[0.393310546875],[0.37255859375],[0.3577504245331511]
0.5764973958333334,[0.93994140625],[0.4130859375],[0.37646484375],[0.36101922672241926]
0.5438803622029232,[0.9244391973072129],[0.36953955139291894],[0.33766233790863787],[0.3510012333902586]
0.5618489583333334,[0.94580078125],[0.374267578125],[0.365478515625],[0.3271957483375445]
0.5620930989583334,[0.937744140625],[0.36279296875],[0.3857421875],[0.34563839493785053]
0.5567220052083334,[0.93212890625],[0.37255859375],[0.365478515625],[0.36365246248897165]
0.5679524739583334,[0.928955078125],[0.38916015625],[0.3857421875],[0.3733512604376301]
0.5570475260416666,[0.934814453125],[0.37451171875],[0.36181640625],[0.34596311947098]
0.56689453125,[0.936767578125],[0.39111328125],[0.372802734375],[0.34243887197226286]
0.56689453125,[0.93701171875],[0.395751953125],[0.367919921875],[0.3432392623508349]
0.5738118489583334,[0.93701171875],[0.411376953125],[0.373046875],[0.38172475015744567]
0.5482093665905704,[0.9303423849582109],[0.3754427395717031],[0.3388429752417973],[0.3710920093965924]
0.5533854166666666,[0.93212890625],[0.37548828125],[0.3525390625],[0.3513180181616917]
0.5659993489583334,[0.947265625],[0.364501953125],[0.38623046875],[0.33204646164085716]
0.5606282552083334,[0.937255859375],[0.373779296875],[0.370849609375],[0.34691522479988635]
0.5718587239583334,[0.939453125],[0.390625],[0.385498046875],[0.35154482861980796]
0.5591634114583334,[0.936279296875],[0.3701171875],[0.37109375],[0.3479612880619243]
0.5682779947916666,[0.94287109375],[0.394287109375],[0.36767578125],[0.33511210209690034]
0.5702311197916666,[0.943603515625],[0.396728515625],[0.370361328125],[0.32887765334453434]
0.5728352864583334,[0.938720703125],[0.41259765625],[0.3671875],[0.3495267315302044]
0.5545061001248456,[0.9338842975206612],[0.37780401441395073],[0.35182998843992475],[0.3458420137095198]
0.5590006510416666,[0.93798828125],[0.375],[0.364013671875],[0.3390712671680376]
0.5634765625,[0.945068359375],[0.365234375],[0.380126953125],[0.3281804530415684]
0.5601399739583334,[0.93798828125],[0.374267578125],[0.3681640625],[0.332891684374772]
0.5716959635416666,[0.9404296875],[0.388916015625],[0.3857421875],[0.34919473726768047]
0.56005859375,[0.934814453125],[0.375],[0.370361328125],[0.35620397882303223]
0.5699869791666666,[0.9462890625],[0.39208984375],[0.37158203125],[0.32934358913917094]
0.5699055989583334,[0.941162109375],[0.395263671875],[0.373291015625],[0.34931369917467237]
0.571044921875,[0.93212890625],[0.408447265625],[0.37255859375],[0.3627310605952516]
0.5556867375576979,[0.9374262101534829],[0.3801652893617556],[0.3494687131578553],[0.3489077524705367]
0.5629069010416666,[0.939697265625],[0.3759765625],[0.373046875],[0.3359695846447721]
0.5643717447916666,[0.943603515625],[0.36328125],[0.38623046875],[0.32669555954635143]
0.558837890625,[0.937255859375],[0.367919921875],[0.371337890625],[0.35089369083289057]
0.5707194010416666,[0.93701171875],[0.38720703125],[0.387939453125],[0.3582879031309858]
0.5555826822916666,[0.935791015625],[0.373046875],[0.35791015625],[0.34612916444893926]
0.5685221354166666,[0.93408203125],[0.393310546875],[0.378173828125],[0.36557361064478755]
0.5693359375,[0.940673828125],[0.3955078125],[0.371826171875],[0.34291789564304054]
0.5777994791666666,[0.93603515625],[0.415283203125],[0.382080078125],[0.3612378785619512]
0.5592286503019411,[0.9456906731041432],[0.37780401427320776],[0.3541912635284726],[0.32610055061833493]
0.556884765625,[0.937255859375],[0.373779296875],[0.359619140625],[0.3445064469706267]
0.561279296875,[0.9423828125],[0.364013671875],[0.37744140625],[0.3400716732721776]
0.556884765625,[0.928466796875],[0.370849609375],[0.371337890625],[0.37266848993021995]
0.5704752604166666,[0.935546875],[0.388427734375],[0.387451171875],[0.3504139078431763]
0.5589192708333334,[0.936279296875],[0.37109375],[0.369384765625],[0.34794139850419015]
0.568603515625,[0.943603515625],[0.39013671875],[0.3720703125],[0.3311866521835327]
0.5642903645833334,[0.942138671875],[0.392333984375],[0.3583984375],[0.34736469970084727]
0.5746256510416666,[0.935546875],[0.412841796875],[0.37548828125],[0.35789192479569465]
0.5627705628702557,[0.9468713105780456],[0.3801652894321271],[0.36127508860059443],[0.33549453052466705]
0.56005859375,[0.93408203125],[0.375],[0.37109375],[0.3634610848966986]
0.5648600260416666,[0.944091796875],[0.366455078125],[0.384033203125],[0.338004955323413]
0.5631510416666666,[0.94091796875],[0.370849609375],[0.377685546875],[0.3403394934721291]
0.5765787760416666,[0.941650390625],[0.39306640625],[0.39501953125],[0.335079705924727]
0.556640625,[0.935791015625],[0.37548828125],[0.358642578125],[0.35430175194051117]
0.5726725260416666,[0.939697265625],[0.39306640625],[0.38525390625],[0.34219959034817293]
0.570068359375,[0.944091796875],[0.39501953125],[0.37109375],[0.3301359617616981]
0.5723470052083334,[0.933837890625],[0.412353515625],[0.370849609375],[0.3664155952865258]
0.5619834712972233,[0.9232585596221959],[0.38488783992589437],[0.37780401434357924],[0.37027145195598443]
0.5634765625,[0.94140625],[0.3759765625],[0.373046875],[0.3324929322116077]
0.5653483072916666,[0.945556640625],[0.367431640625],[0.383056640625],[0.3232851403299719]
0.5577799479166666,[0.939208984375],[0.370361328125],[0.36376953125],[0.33777755312621593]
0.5694986979166666,[0.931884765625],[0.388916015625],[0.3876953125],[0.36127461947035044]
0.5601399739583334,[0.935546875],[0.375732421875],[0.369140625],[0.3413426954066381]
0.5697428385416666,[0.94482421875],[0.3896484375],[0.374755859375],[0.3247307357378304]
0.570068359375,[0.939453125],[0.393798828125],[0.376953125],[0.32586625416297466]
0.5704752604166666,[0.939208984375],[0.407958984375],[0.3642578125],[0.3595393639989197]
0.5548996460667656,[0.9291617473435655],[0.3813459271523297],[0.35419126370440124],[0.3554114477517613]
0.5633138020833334,[0.94287109375],[0.374267578125],[0.372802734375],[0.3335086405277252]
0.558837890625,[0.93603515625],[0.36328125],[0.377197265625],[0.34331932885106653]
0.5638834635416666,[0.9482421875],[0.371826171875],[0.37158203125],[0.32824047130998224]
0.5685221354166666,[0.931884765625],[0.388916015625],[0.384765625],[0.36285321542527527]
0.559326171875,[0.938232421875],[0.372314453125],[0.367431640625],[0.3239786138292402]
0.5687662760416666,[0.9423828125],[0.39111328125],[0.372802734375],[0.34004386846208945]
0.5681966145833334,[0.939697265625],[0.394287109375],[0.37060546875],[0.3604179833782837]
0.5707194010416666,[0.935791015625],[0.409912109375],[0.366455078125],[0.34658718202263117]
0.5521448250480262,[0.9386068477681283],[0.36717827669141423],[0.3506493506845364],[0.34476749146843183]
0.5631510416666666,[0.943115234375],[0.375732421875],[0.37060546875],[0.33455097232945263]
0.56494140625,[0.944580078125],[0.363525390625],[0.38671875],[0.3195542856119573]
0.5638020833333334,[0.945068359375],[0.373291015625],[0.373046875],[0.3240774521837011]
0.5752766927083334,[0.940185546875],[0.388671875],[0.39697265625],[0.3406564857577905]
0.559814453125,[0.9404296875],[0.37109375],[0.367919921875],[0.34647435520309955]
0.5689290364583334,[0.93994140625],[0.392822265625],[0.3740234375],[0.352252782904543]
0.564697265625,[0.93896484375],[0.394775390625],[0.3603515625],[0.3528283720370382]
0.5716145833333334,[0.9345703125],[0.41064453125],[0.36962890625],[0.3644514618208632]
0.5541125542063828,[0.9256198349218583],[0.3719008264814667],[0.3648170012158233],[0.38921305787042576]
0.5624186197916666,[0.941650390625],[0.381591796875],[0.364013671875],[0.32561554154381156]
0.5660807291666666,[0.93896484375],[0.36474609375],[0.39453125],[0.32350754644721746]
0.5638834635416666,[0.94140625],[0.376953125],[0.373291015625],[0.3254411502275616]
0.5779622395833334,[0.937255859375],[0.392822265625],[0.40380859375],[0.34815479966346174]
0.5582682291666666,[0.94287109375],[0.373291015625],[0.358642578125],[0.3293357950169593]
0.5711263020833334,[0.94482421875],[0.392822265625],[0.375732421875],[0.3296769915614277]
0.568115234375,[0.94287109375],[0.390869140625],[0.37060546875],[0.3414525248808786]
0.5738118489583334,[0.941162109375],[0.41064453125],[0.36962890625],[0.35129164438694715]
0.5564738294708592,[0.9374262102238544],[0.38134592729307265],[0.35064935089565086],[0.3257377073784505]
0.5603841145833334,[0.943115234375],[0.37548828125],[0.362548828125],[0.31928064534440637]
0.56201171875,[0.941162109375],[0.36474609375],[0.380126953125],[0.3234346660319716]
0.5670572916666666,[0.94775390625],[0.374755859375],[0.378662109375],[0.33074941945960745]
0.575439453125,[0.93603515625],[0.39208984375],[0.398193359375],[0.3527983180247247]
0.56103515625,[0.94091796875],[0.371826171875],[0.370361328125],[0.33489111834205687]
0.57373046875,[0.94970703125],[0.39111328125],[0.38037109375],[0.3217577141476795]
0.571044921875,[0.947265625],[0.392578125],[0.373291015625],[0.3274907128652558]
0.5763346354166666,[0.93701171875],[0.409423828125],[0.382568359375],[0.35323201247956604]
0.5611963795365335,[0.9397874852420307],[0.37898465176470303],[0.36481700160286645],[0.33556950458247375]
0.561767578125,[0.94287109375],[0.374267578125],[0.3681640625],[0.3251300046686083]
0.5677897135416666,[0.942138671875],[0.365478515625],[0.395751953125],[0.325404817936942]
0.5604654947916666,[0.942138671875],[0.37353515625],[0.36572265625],[0.32436652784235775]
0.57666015625,[0.944580078125],[0.39013671875],[0.395263671875],[0.32268283737357706]
0.5625,[0.939208984375],[0.373291015625],[0.375],[0.328399415127933]
0.5748697916666666,[0.945556640625],[0.393310546875],[0.3857421875],[0.3252178631955758]
0.570556640625,[0.946044921875],[0.394775390625],[0.370849609375],[0.3117045450489968]
0.577392578125,[0.938720703125],[0.4130859375],[0.38037109375],[0.3496664691483602]
0.5651318379822606,[0.9433293979452239],[0.37780401422042914],[0.374262101781129],[0.3170812325958941]
0.5621744791666666,[0.936767578125],[0.377685546875],[0.3720703125],[0.351188913686201]
0.5673828125,[0.949951171875],[0.3662109375],[0.385986328125],[0.31443159002810717]
0.56103515625,[0.9384765625],[0.3720703125],[0.37255859375],[0.33589229261269793]
0.5735677083333334,[0.94091796875],[0.390869140625],[0.388916015625],[0.3337471556151286]
0.56298828125,[0.945556640625],[0.374755859375],[0.36865234375],[0.31854409200605005]
0.5755208333333334,[0.94775390625],[0.394287109375],[0.384521484375],[0.3157671189401299]
0.5736490885416666,[0.9501953125],[0.39306640625],[0.377685546875],[0.30387874774169177]
0.5810546875,[0.947509765625],[0.4150390625],[0.380615234375],[0.33176612958777696]
0.5580480126697029,[0.9386068477681283],[0.37308146409611215],[0.3624557261448683],[0.3336960666295066]
0.56201171875,[0.93994140625],[0.376220703125],[0.369873046875],[0.33715602627489716]
0.5645345052083334,[0.944091796875],[0.3671875],[0.38232421875],[0.317007003352046]
0.5607096354166666,[0.9384765625],[0.37353515625],[0.3701171875],[0.33691197249572724]
0.5760904947916666,[0.94580078125],[0.387939453125],[0.39453125],[0.3352435468696058]
0.5601399739583334,[0.934326171875],[0.374267578125],[0.371826171875],[0.3427877235226333]
0.571044921875,[0.94482421875],[0.39111328125],[0.377197265625],[0.339726249454543]
0.5701497395833334,[0.945556640625],[0.393798828125],[0.37109375],[0.316589072230272]
0.5746256510416666,[0.943603515625],[0.410888671875],[0.369384765625],[0.34759462194051594]
0.5600157419512094,[0.9268004723253892],[0.38134592697640096],[0.3719008265518382],[0.35409355610433124]
0.566162109375,[0.944580078125],[0.377197265625],[0.376708984375],[0.3241543114418164]
0.5655110677083334,[0.944091796875],[0.36474609375],[0.3876953125],[0.3231741535710171]
0.5664876302083334,[0.9384765625],[0.375244140625],[0.3857421875],[0.3414001406636089]
0.57861328125,[0.943603515625],[0.39111328125],[0.401123046875],[0.3361054880078882]
0.5619303385416666,[0.943115234375],[0.3740234375],[0.36865234375],[0.34048847027588636]
0.570556640625,[0.9462890625],[0.388427734375],[0.376953125],[0.33070128120016307]
0.5750325520833334,[0.947509765625],[0.396484375],[0.381103515625],[0.3203915886115283]
0.5770670572916666,[0.940673828125],[0.414306640625],[0.376220703125],[0.33638634788803756]
0.5655253838479449,[0.9445100354191264],[0.37898465188785313],[0.37308146423685506],[0.3160914789265134]
0.5652669270833334,[0.94287109375],[0.3779296875],[0.375],[0.32713445264380425]
0.5681966145833334,[0.951171875],[0.364501953125],[0.388916015625],[0.311554622836411]
0.5624186197916666,[0.935791015625],[0.3740234375],[0.37744140625],[0.34363268315792084]
0.574951171875,[0.93798828125],[0.387939453125],[0.39892578125],[0.3505757632665336]
0.56591796875,[0.9453125],[0.375732421875],[0.376708984375],[0.31276072544278577]
0.570068359375,[0.9453125],[0.388427734375],[0.37646484375],[0.3344646035693586]
0.56884765625,[0.943115234375],[0.388916015625],[0.37451171875],[0.3338360204361379]
0.5790201822916666,[0.946533203125],[0.41162109375],[0.37890625],[0.33520796668017283]
0.5627705628878485,[0.9468713105780456],[0.37780401434357924],[0.3636363637419209],[0.3176431888461535]
0.5654296875,[0.946044921875],[0.375732421875],[0.37451171875],[0.3127157637500204]
0.5692545572916666,[0.9541015625],[0.36474609375],[0.388916015625],[0.2994279634440318]
0.5665690104166666,[0.948486328125],[0.371337890625],[0.3798828125],[0.3138506648829207]
0.575927734375,[0.9423828125],[0.392333984375],[0.39306640625],[0.34441620227880776]
0.5664876302083334,[0.94921875],[0.376708984375],[0.37353515625],[0.32306860032258555]
0.5709635416666666,[0.944091796875],[0.3916015625],[0.377197265625],[0.3326983459992334]
0.5755208333333334,[0.947998046875],[0.39501953125],[0.383544921875],[0.3195857962127775]
0.575439453125,[0.942626953125],[0.406982421875],[0.376708984375],[0.3382157100131735]
0.5615899252966604,[0.9515938606847698],[0.3813459269060295],[0.3518299882991818],[0.3267295124644794]
0.5646158854166666,[0.946044921875],[0.3759765625],[0.371826171875],[0.32835462933871895]
0.5687662760416666,[0.948486328125],[0.3681640625],[0.3896484375],[0.32112770702224225]
0.5670572916666666,[0.942138671875],[0.374267578125],[0.384765625],[0.32523083995329216]
0.5760904947916666,[0.939453125],[0.388916015625],[0.39990234375],[0.3423967972630635]
0.56494140625,[0.947998046875],[0.376220703125],[0.37060546875],[0.3117885457468219]
0.570556640625,[0.94677734375],[0.391357421875],[0.37353515625],[0.32750192389357835]
0.5714518229166666,[0.942626953125],[0.39453125],[0.377197265625],[0.32901752030011266]
0.5782877604166666,[0.941650390625],[0.414794921875],[0.37841796875],[0.34587652917252854]
0.5509641874509738,[0.94214876040095],[0.3742621015876074],[0.3364817003643639],[0.3359806969005355]
0.5654296875,[0.942626953125],[0.378173828125],[0.37548828125],[0.3288020942127332]
0.5643717447916666,[0.948486328125],[0.364013671875],[0.380615234375],[0.3204968693898991]
0.56640625,[0.948486328125],[0.37353515625],[0.377197265625],[0.312058710725978]
0.5764973958333334,[0.94482421875],[0.390380859375],[0.394287109375],[0.32838634704239666]
0.5616861979166666,[0.940185546875],[0.372314453125],[0.37255859375],[0.32617688132449985]
0.5752766927083334,[0.951171875],[0.395263671875],[0.37939453125],[0.3131232049781829]
0.568603515625,[0.942626953125],[0.391845703125],[0.371337890625],[0.33735128614353016]
0.5730794270833334,[0.942138671875],[0.411376953125],[0.36572265625],[0.3435610543237999]
0.5564738292714734,[0.935064935064935],[0.37898465188785313],[0.355371900861632],[0.3156484398537853]
0.5633138020833334,[0.94140625],[0.375732421875],[0.372802734375],[0.3208414277760312]
0.5703125,[0.9521484375],[0.364501953125],[0.394287109375],[0.3094495011609979]
0.5660807291666666,[0.947509765625],[0.375732421875],[0.375],[0.3192841961281374]
0.576171875,[0.945556640625],[0.38916015625],[0.393798828125],[0.32842945226002485]
0.5646158854166666,[0.942626953125],[0.373779296875],[0.37744140625],[0.3214879652368836]
0.5773111979166666,[0.95068359375],[0.392333984375],[0.388916015625],[0.31414561276324093]
0.573486328125,[0.949951171875],[0.394775390625],[0.375732421875],[0.31575470557436347]
0.5785319010416666,[0.942626953125],[0.41015625],[0.3828125],[0.3338839518255554]
0.5608028336004777,[0.948051948051948],[0.3848878396092227],[0.34946871314026245],[0.3166606712299086]
0.5674641927083334,[0.946533203125],[0.37890625],[0.376953125],[0.30909342237282544]
0.5652669270833334,[0.948486328125],[0.36376953125],[0.383544921875],[0.31943221809342504]
0.564697265625,[0.942626953125],[0.37353515625],[0.3779296875],[0.3377782666357234]
0.5769856770833334,[0.943603515625],[0.391845703125],[0.3955078125],[0.3452922048745677]
0.560302734375,[0.940185546875],[0.374267578125],[0.366455078125],[0.3212371056433767]
0.5767415364583334,[0.95166015625],[0.392822265625],[0.3857421875],[0.3094638035981916]
0.569580078125,[0.94287109375],[0.393310546875],[0.37255859375],[0.32050402858294547]
0.5821126302083334,[0.94873046875],[0.410888671875],[0.38671875],[0.3110494785942137]
0.560409287904858,[0.948051948051948],[0.38252656483734654],[0.35064935082527937],[0.2936319722722525]
0.5674641927083334,[0.944580078125],[0.380615234375],[0.377197265625],[0.32682183530414477]
0.5663248697916666,[0.947509765625],[0.366943359375],[0.384521484375],[0.3213812926551327]
0.5673828125,[0.943359375],[0.376953125],[0.3818359375],[0.31629644165514037]
0.5789388020833334,[0.94775390625],[0.391845703125],[0.397216796875],[0.33644997351802886]
0.561767578125,[0.94287109375],[0.376708984375],[0.36572265625],[0.3123971408349462]
0.572998046875,[0.9482421875],[0.394287109375],[0.37646484375],[0.30398473219247535]
0.57177734375,[0.949462890625],[0.39208984375],[0.373779296875],[0.3085475827101618]
0.5773111979166666,[0.9423828125],[0.412109375],[0.37744140625],[0.3422145254444331]
0.555293191756521,[0.9268004723253892],[0.37662337679930535],[0.3624557261448683],[0.38041991143187215]
0.56494140625,[0.94384765625],[0.37744140625],[0.37353515625],[0.31827214371878654]
0.5689290364583334,[0.955078125],[0.364501953125],[0.38720703125],[0.29318502760725096]
0.5691731770833334,[0.9443359375],[0.374267578125],[0.388916015625],[0.3205994148738682]
0.5812174479166666,[0.94482421875],[0.390380859375],[0.408447265625],[0.3272228400455788]
0.5680338541666666,[0.95263671875],[0.378662109375],[0.372802734375],[0.29634053830523044]
0.5712076822916666,[0.946533203125],[0.390380859375],[0.376708984375],[0.3256144211627543]
0.5738118489583334,[0.947021484375],[0.39501953125],[0.37939453125],[0.31274928234051913]
0.5808919270833334,[0.947021484375],[0.412109375],[0.383544921875],[0.33011391549371183]
0.5572609210849417,[0.9433293979452239],[0.3719008266925812],[0.35655253861702035],[0.3286411611290721]
0.56494140625,[0.939208984375],[0.377685546875],[0.3779296875],[0.3452528495108709]
0.570556640625,[0.947509765625],[0.36669921875],[0.3974609375],[0.31881401070859283]
0.5687662760416666,[0.9521484375],[0.374755859375],[0.37939453125],[0.31109936721622944]
0.5792643229166666,[0.94384765625],[0.391845703125],[0.402099609375],[0.33526384423021227]
0.5638020833333334,[0.94091796875],[0.374755859375],[0.375732421875],[0.33038985601160675]
0.5772298177083334,[0.950439453125],[0.393798828125],[0.387451171875],[0.3219083691947162]
0.5760091145833334,[0.949462890625],[0.391845703125],[0.38671875],[0.3171337560052052]
0.5809733072916666,[0.947509765625],[0.41357421875],[0.3818359375],[0.3261666218750179]
0.560015741880838,[0.9468713105076741],[0.37780401420283627],[0.3553719009320035],[0.33235674157052564]
0.568359375,[0.951171875],[0.37939453125],[0.37451171875],[0.309983319893945]
0.571044921875,[0.945556640625],[0.362060546875],[0.405517578125],[0.308501094346866]
0.5702311197916666,[0.95166015625],[0.37255859375],[0.386474609375],[0.32578845927491784]
0.5791015625,[0.94677734375],[0.390380859375],[0.400146484375],[0.33370148472022265]
0.568359375,[0.950927734375],[0.37353515625],[0.380615234375],[0.30449018778745085]
0.5760091145833334,[0.94873046875],[0.39111328125],[0.38818359375],[0.34741467679850757]
0.5733235677083334,[0.95068359375],[0.394775390625],[0.37451171875],[0.3121108252671547]
0.5826009114583334,[0.94970703125],[0.41357421875],[0.384521484375],[0.3184792968677357]
0.5659189296960362,[0.9456906729634003],[0.36835891405975946],[0.3837072020649488],[0.34846215117216955]
